Nom,Prénom,Login,Etablissement,Mot de Passe
AFZAL001,Nélyah,nelyah.afzal001,CLG-ALAIN-CROZON,ncmsvpvp
ARENA001,Meira,meira.arena001,CLG-ALAIN-CROZON,cpnrrg5p
BROOK001,Zoïa,zoia.brook001,CLG-ALAIN-CROZON,ejs9kgmb
CARMINATI001,Lehanne,lehanne.carminati001,CLG-ALAIN-CROZON,9kdzpgjt
CRESPI001,Thybaut,thybaut.crespi001,CLG-ALAIN-CROZON,77gk4z7j
CRISP001,Dalal,dalal.crisp001,CLG-ALAIN-CROZON,pm7zxypk
D'ANNA001,Boubacary,boubacary.danna001,CLG-ALAIN-CROZON,b58par7y
